PROCESS_ID; INSTANCE_ID; ATTRIBUTE_ID; VALUE
ClientProcess;Client1;;
ClientProcess;Client2;;
ClientProcess;Client3;;
ClientProcess;Client4;;
ClientProcess;Client5;;
ClientProcess;Client6;;
ClientProcess;Client7;;
ClientProcess;Client8;;
ClientProcess;Client9;;
ClientProcess;Client10;;
ClientProcess;Client11;;
ClientProcess;Client12;;
ClientProcess;Client13;;
ClientProcess;Client14;;
ClientProcess;Client15;;
ClientProcess;Client16;;
ClientProcess;Client17;;
ClientProcess;Client18;;
ClientProcess;Client19;;
ClientProcess;Client20;;
ClientProcess;Client21;;
ClientProcess;Client22;;
ClientProcess;Client23;;
ClientProcess;Client24;;
ClientProcess;Client25;;
ClientProcess;Client26;;
ClientProcess;Client27;;
ClientProcess;Client28;;
ClientProcess;Client29;;
ClientProcess;Client30;;
ClientProcess;Client31;;
ClientProcess;Client32;;
ClientProcess;Client33;;
ClientProcess;Client34;;
ClientProcess;Client35;;
ClientProcess;Client36;;
ClientProcess;Client37;;
ClientProcess;Client38;;
ClientProcess;Client39;;
ClientProcess;Client40;;
ClientProcess;Client41;;
ClientProcess;Client42;;
ClientProcess;Client43;;
ClientProcess;Client44;;
ClientProcess;Client45;;
ClientProcess;Client46;;
ClientProcess;Client47;;
ClientProcess;Client48;;
ClientProcess;Client49;;
ClientProcess;Client50;;
ClientProcess;Client51;;
ClientProcess;Client52;;
ClientProcess;Client53;;
ClientProcess;Client54;;
ClientProcess;Client55;;
ClientProcess;Client56;;
ClientProcess;Client57;;
ClientProcess;Client58;;
ClientProcess;Client59;;
ClientProcess;Client60;;
ClientProcess;Client61;;
ClientProcess;Client62;;
ClientProcess;Client63;;
ClientProcess;Client64;;
ClientProcess;Client65;;
ClientProcess;Client66;;
ClientProcess;Client67;;
ClientProcess;Client68;;
ClientProcess;Client69;;
ClientProcess;Client70;;
ClientProcess;Client71;;
ClientProcess;Client72;;
ClientProcess;Client73;;
ClientProcess;Client74;;
ClientProcess;Client75;;
ClientProcess;Client76;;
ClientProcess;Client77;;
ClientProcess;Client78;;
ClientProcess;Client79;;
ClientProcess;Client80;;
ClientProcess;Client81;;
ClientProcess;Client82;;
ClientProcess;Client83;;
ClientProcess;Client84;;
ClientProcess;Client85;;
ClientProcess;Client86;;
ClientProcess;Client87;;
ClientProcess;Client88;;
ClientProcess;Client89;;
ClientProcess;Client90;;
ClientProcess;Client91;;
ClientProcess;Client92;;
ClientProcess;Client93;;
ClientProcess;Client94;;
ClientProcess;Client95;;
ClientProcess;Client96;;
ClientProcess;Client97;;
ClientProcess;Client98;;
ClientProcess;Client99;;
ClientProcess;Client100;;
ServerProcess;Server1;;
ServerProcess;Server2;;
ServerProcess;Server3;;
ServerProcess;Server4;;
ServerProcess;Server5;;
ServerProcess;Server6;;
ServerProcess;Server7;;
ServerProcess;Server8;;
ServerProcess;Server9;;
ServerProcess;Server10;;
ServerProcess;Server11;;
ServerProcess;Server12;;
ServerProcess;Server13;;
ServerProcess;Server14;;
ServerProcess;Server15;;
ServerProcess;Server16;;
ServerProcess;Server17;;
ServerProcess;Server18;;
ServerProcess;Server19;;
ServerProcess;Server20;;
ServerProcess;Server21;;
ServerProcess;Server22;;
ServerProcess;Server23;;
ServerProcess;Server24;;
ServerProcess;Server25;;
ServerProcess;Server26;;
ServerProcess;Server27;;
ServerProcess;Server28;;
ServerProcess;Server29;;
ServerProcess;Server30;;
ServerProcess;Server31;;
ServerProcess;Server32;;
ServerProcess;Server33;;
ServerProcess;Server34;;
ServerProcess;Server35;;
ServerProcess;Server36;;
ServerProcess;Server37;;
ServerProcess;Server38;;
ServerProcess;Server39;;
ServerProcess;Server40;;
ServerProcess;Server41;;
ServerProcess;Server42;;
ServerProcess;Server43;;
ServerProcess;Server44;;
ServerProcess;Server45;;
ServerProcess;Server46;;
ServerProcess;Server47;;
ServerProcess;Server48;;
ServerProcess;Server49;;
ServerProcess;Server50;;
ServerProcess;Server51;;
ServerProcess;Server52;;
ServerProcess;Server53;;
ServerProcess;Server54;;
ServerProcess;Server55;;
ServerProcess;Server56;;
ServerProcess;Server57;;
ServerProcess;Server58;;
ServerProcess;Server59;;
ServerProcess;Server60;;
ServerProcess;Server61;;
ServerProcess;Server62;;
ServerProcess;Server63;;
ServerProcess;Server64;;
ServerProcess;Server65;;
ServerProcess;Server66;;
ServerProcess;Server67;;
ServerProcess;Server68;;
ServerProcess;Server69;;
ServerProcess;Server70;;
ServerProcess;Server71;;
ServerProcess;Server72;;
ServerProcess;Server73;;
ServerProcess;Server74;;
ServerProcess;Server75;;
ServerProcess;Server76;;
ServerProcess;Server77;;
ServerProcess;Server78;;
ServerProcess;Server79;;
ServerProcess;Server80;;
ServerProcess;Server81;;
ServerProcess;Server82;;
ServerProcess;Server83;;
ServerProcess;Server84;;
ServerProcess;Server85;;
ServerProcess;Server86;;
ServerProcess;Server87;;
ServerProcess;Server88;;
ServerProcess;Server89;;
ServerProcess;Server90;;
ServerProcess;Server91;;
ServerProcess;Server92;;
ServerProcess;Server93;;
ServerProcess;Server94;;
ServerProcess;Server95;;
ServerProcess;Server96;;
ServerProcess;Server97;;
ServerProcess;Server98;;
ServerProcess;Server99;;
ServerProcess;Server100;;
